Date,Event,Location,Role,AdditionalNotes,Logo
Sep-26,Visit to Max Planck Institute of Biochemistry,"Martinsried, Germany",Invited Speaker,"Hosted by Dr Patricia Ogger, Project Leader in the Immunoregulation group of Prof Peter Murray",MPI.jpg
Sep-26,55th Annual Meeting of the German Society for Immunology (DGfI),"Munich, Germany",Poster Presentation,,DGfI.png
Sep-26,EFIS-ELINE Early-Life Immunity Satellite Workshop,"Munich, Germany",Oral Presentation,,EFIS ELINE.png
Sep-26,Visit to Helmholtz Munich,"Neuherberg, Germany",Invited Speaker,"Hosted by Dr Caspar Ohnmacht, Head of Mucosal Immunology group",Helmholtz_Munich_Logo.jpg
Jul-26,ASI VIC-TAS Branch Meeting 2026,"Melbourne, Australia",Oral Presentation,,ASI VIC TAS 2026.png
Jun-26,"Monash Biomedicine Discovery Institute 'Metabolism, Diabetes and Obesity Program' Research Exchange Seminar","Melbourne, Australia",Invited Speaker,,BDI.png
Feb-26,16th Lorne Infection and Immunity 2026,"Lorne, Australia",Poster Presentation,,Lorne 2026.png
Nov-25,VIIN Young Investigator Symposium 2025,"Melbourne, Australia","Organising Committee, Judge",,VIIN.svg
Nov-25,Monash Biochemistry Student Symposium,"Melbourne, Australia","ECR Panel Member, Judge",,BSS.png
Oct-25,ASI Immunometabolism SIG Event 2025,"Melbourne, Australia",Poster Presentation,,Immunometabolism 2025.png
Oct-25,Monash ImmuMon 2025 (Immunology at Monash),"Melbourne, Australia",Judge,,Immumon 2025.png
Nov-24,VIIN Young Investigator Symposium,"Melbourne, Australia","Oral Presentation, Judge",,VIIN.svg
Nov-24,Monash Mucosal Immunology Research Group Seminar,"Melbourne, Australia",Invited Speaker,,MIRG.png
Sep-24,Biomolecular Horizons 2024,"Melbourne, Australia",Poster Presentation,Abstract published,BMH24.png
Sep-24,Monash ImmuMon (Immunology at Monash),"Melbourne, Australia",Oral Presentation,,Immumon 2024.png
Dec-22,BSI Congress 2022,"Liverpool, United Kingdom",Poster Presentation,Abstract published,BSI 2022.jpg
Jul-22,CIPP XXI: 21st International Congress on Pediatric Pulmonology,Virtual,Invited Speaker,,CIPP XXI.png
Jan-22,EAACI Immunology Winter School on Basic Immunology Research in Allergy and Clinical Immunology 2022,Virtual,Oral Presentation,Abstract published,Winter_school_logo.png
Dec-21,BSI Congress 2021,"Edinburgh, United Kingdom",Poster Presentation,Abstract published,BSI 2021.png
Sep-21,ERS International Congress 2021,Virtual,E-poster,Abstract published,ERS 2021.png
Mar-21,ERS Lung Science Conference 2021,Virtual,"E-poster, 3 min Live Presentation, Poster Session Co-chair",Abstract published,LSC 2021.jpg
Dec-20,Keystone eSymposium Asthma: New Discoveries and Therapies in the Age of COVID,Virtual,"SciTalk, Poster Presentation",Abstract published,Keystone 2021.png
Jan-20,EAACI Immunology Winter School on Basic Immunology Research in Allergy and Clinical Immunology,"Chamonix, France",Poster Presentation,Abstract published,Winter_school_logo.png
Dec-19,BSI Congress 2019,"Liverpool, United Kingdom",Poster Presentation,Abstract published,BSI 2019.jpg
Sep-19,"BSI London Immunology Group ""Barrier Immunity"" Meeting","London, United Kingdom",Attendee,,LIG.jpg
Dec-18,"BSI London Immunology Group ""Immunological Cross-Talk"" Meeting","London, United Kingdom",Poster Presentation,,LIG.jpg
Dec-17,BSI Congress 2017,"Brighton, United Kingdom",Attendee,,BSI 2017.jpg
