journal,logo
Nature Microbiology,nature-microbiology-Logo.png
Nature Communications,Nature_Communications_Logo.svg
Allergy,Allergy.png
Science Immunology,Science Immunology.png
Journal of Allergy and Clinical Immunology,JACI.png
bioRxiv,BioRxiv_logo.png
Molecular Metabolism,Molecular Metabolism.png
Microbiology and Molecular Biology Reviews,MMBR.png
Journal of Clinical Investigation,JCI.png
Open Biology,Open Biology.png
Trends in Immunology,Trends in Immunology.png
Mucosal Immunology,mucosal-immunology-logo.png
Scientific Reports,Scientific_Reports_logo_2023.svg
Research Square,Research Square.png
